<?xml version="1.0" encoding="utf-8"?>
<merger version="3"><dataSet aapt-namespace="http://schemas.android.com/apk/res-auto" config="main$Generated" generated="true" ignore_pattern="!.svn:!.git:!.ds_store:!*.scc:.*:&lt;dir>_*:!CVS:!thumbs.db:!picasa.ini:!*~"><source path="C:\Users\sridh\travelapp\app\src\main\res"/><source path="C:\Users\sridh\travelapp\app\build\generated\res\rs\debug"/><source path="C:\Users\sridh\travelapp\app\build\generated\res\resValues\debug"/></dataSet><dataSet aapt-namespace="http://schemas.android.com/apk/res-auto" config="main" generated-set="main$Generated" ignore_pattern="!.svn:!.git:!.ds_store:!*.scc:.*:&lt;dir>_*:!CVS:!thumbs.db:!picasa.ini:!*~"><source path="C:\Users\sridh\travelapp\app\src\main\res"><file name="ic_launcher_background" path="C:\Users\sridh\travelapp\app\src\main\res\drawable\ic_launcher_background.xml" qualifiers="" type="drawable"/><file name="tra" path="C:\Users\sridh\travelapp\app\src\main\res\drawable\tra.png" qualifiers="" type="drawable"/><file name="trav" path="C:\Users\sridh\travelapp\app\src\main\res\drawable\trav.png" qualifiers="" type="drawable"/><file name="travel" path="C:\Users\sridh\travelapp\app\src\main\res\drawable\travel.png" qualifiers="" type="drawable"/><file name="travel_and_tourism" path="C:\Users\sridh\travelapp\app\src\main\res\drawable\travel_and_tourism.png" qualifiers="" type="drawable"/><file name="bali" path="C:\Users\sridh\travelapp\app\src\main\res\drawable-nodpi\bali.jpg" qualifiers="nodpi-v4" type="drawable"/><file name="india" path="C:\Users\sridh\travelapp\app\src\main\res\drawable-nodpi\india.jpg" qualifiers="nodpi-v4" type="drawable"/><file name="paris" path="C:\Users\sridh\travelapp\app\src\main\res\drawable-nodpi\paris.jpg" qualifiers="nodpi-v4" type="drawable"/><file name="singapore" path="C:\Users\sridh\travelapp\app\src\main\res\drawable-nodpi\singapore.jpg" qualifiers="nodpi-v4" type="drawable"/><file name="ic_launcher_foreground" path="C:\Users\sridh\travelapp\app\src\main\res\drawable-v24\ic_launcher_foreground.xml" qualifiers="v24" type="drawable"/><file name="ic_launcher" path="C:\Users\sridh\travelapp\app\src\main\res\mipmap-anydpi-v26\ic_launcher.xml" qualifiers="anydpi-v26" type="mipmap"/><file name="ic_launcher_round" path="C:\Users\sridh\travelapp\app\src\main\res\mipmap-anydpi-v26\ic_launcher_round.xml" qualifiers="anydpi-v26" type="mipmap"/><file name="ic_launcher" path="C:\Users\sridh\travelapp\app\src\main\res\mipmap-anydpi-v33\ic_launcher.xml" qualifiers="anydpi-v33" type="mipmap"/><file name="ic_launcher" path="C:\Users\sridh\travelapp\app\src\main\res\mipmap-hdpi\ic_launcher.webp" qualifiers="hdpi-v4" type="mipmap"/><file name="ic_launcher_round" path="C:\Users\sridh\travelapp\app\src\main\res\mipmap-hdpi\ic_launcher_round.webp" qualifiers="hdpi-v4" type="mipmap"/><file name="ic_launcher" path="C:\Users\sridh\travelapp\app\src\main\res\mipmap-mdpi\ic_launcher.webp" qualifiers="mdpi-v4" type="mipmap"/><file name="ic_launcher_round" path="C:\Users\sridh\travelapp\app\src\main\res\mipmap-mdpi\ic_launcher_round.webp" qualifiers="mdpi-v4" type="mipmap"/><file name="ic_launcher" path="C:\Users\sridh\travelapp\app\src\main\res\mipmap-xhdpi\ic_launcher.webp" qualifiers="xhdpi-v4" type="mipmap"/><file name="ic_launcher_round" path="C:\Users\sridh\travelapp\app\src\main\res\mipmap-xhdpi\ic_launcher_round.webp" qualifiers="xhdpi-v4" type="mipmap"/><file name="ic_launcher" path="C:\Users\sridh\travelapp\app\src\main\res\mipmap-xxhdpi\ic_launcher.webp" qualifiers="xxhdpi-v4" type="mipmap"/><file name="ic_launcher_round" path="C:\Users\sridh\travelapp\app\src\main\res\mipmap-xxhdpi\ic_launcher_round.webp" qualifiers="xxhdpi-v4" type="mipmap"/><file name="ic_launcher" path="C:\Users\sridh\travelapp\app\src\main\res\mipmap-xxxhdpi\ic_launcher.webp" qualifiers="xxxhdpi-v4" type="mipmap"/><file name="ic_launcher_round" path="C:\Users\sridh\travelapp\app\src\main\res\mipmap-xxxhdpi\ic_launcher_round.webp" qualifiers="xxxhdpi-v4" type="mipmap"/><file path="C:\Users\sridh\travelapp\app\src\main\res\values\colors.xml" qualifiers=""><color name="purple_200">#FFBB86FC</color><color name="purple_500">#FF6200EE</color><color name="purple_700">#FF3700B3</color><color name="teal_200">#FF03DAC5</color><color name="teal_700">#FF018786</color><color name="black">#FF000000</color><color name="white">#FFFFFFFF</color></file><file path="C:\Users\sridh\travelapp\app\src\main\res\values\strings.xml" qualifiers=""><string name="app_name">Travel App</string><string name="place_1">India</string><string name="plan">7days</string><string name="description">Super saver pack with less than Rs.100000</string><string name="place_2">Dubai </string><string name="place_3">Singapore </string><string name="title_activity_paris">ParisActivity</string><string name="title_activity_singapore">SingaporeActivity</string><string name="title_activity_bali">BaliActivity</string></file><file path="C:\Users\sridh\travelapp\app\src\main\res\values\themes.xml" qualifiers=""><style name="Theme.TravelApp" parent="android:Theme.Material.Light.NoActionBar">
        <item name="android:statusBarColor">@color/purple_700</item>
    </style></file><file name="backup_rules" path="C:\Users\sridh\travelapp\app\src\main\res\xml\backup_rules.xml" qualifiers="" type="xml"/><file name="data_extraction_rules" path="C:\Users\sridh\travelapp\app\src\main\res\xml\data_extraction_rules.xml" qualifiers="" type="xml"/><file name="india1" path="C:\Users\sridh\travelapp\app\src\main\res\drawable-nodpi\india1.jpg" qualifiers="nodpi-v4" type="drawable"/><file name="travel2" path="C:\Users\sridh\travelapp\app\src\main\res\drawable-nodpi\travel2.png" qualifiers="nodpi-v4" type="drawable"/><file name="travel3" path="C:\Users\sridh\travelapp\app\src\main\res\drawable-nodpi\travel3.png" qualifiers="nodpi-v4" type="drawable"/><file name="dubai" path="C:\Users\sridh\travelapp\app\src\main\res\drawable-nodpi\dubai.jpg" qualifiers="nodpi-v4" type="drawable"/><file name="dubai1" path="C:\Users\sridh\travelapp\app\src\main\res\drawable-nodpi\dubai1.jpg" qualifiers="nodpi-v4" type="drawable"/></source><source path="C:\Users\sridh\travelapp\app\build\generated\res\rs\debug"/><source path="C:\Users\sridh\travelapp\app\build\generated\res\resValues\debug"/></dataSet><dataSet aapt-namespace="http://schemas.android.com/apk/res-auto" config="debug$Generated" generated="true" ignore_pattern="!.svn:!.git:!.ds_store:!*.scc:.*:&lt;dir>_*:!CVS:!thumbs.db:!picasa.ini:!*~"><source path="C:\Users\sridh\travelapp\app\src\debug\res"/></dataSet><dataSet aapt-namespace="http://schemas.android.com/apk/res-auto" config="debug" generated-set="debug$Generated" ignore_pattern="!.svn:!.git:!.ds_store:!*.scc:.*:&lt;dir>_*:!CVS:!thumbs.db:!picasa.ini:!*~"><source path="C:\Users\sridh\travelapp\app\src\debug\res"/></dataSet><dataSet aapt-namespace="http://schemas.android.com/apk/res-auto" config="generated$Generated" generated="true" ignore_pattern="!.svn:!.git:!.ds_store:!*.scc:.*:&lt;dir>_*:!CVS:!thumbs.db:!picasa.ini:!*~"/><dataSet aapt-namespace="http://schemas.android.com/apk/res-auto" config="generated" generated-set="generated$Generated" ignore_pattern="!.svn:!.git:!.ds_store:!*.scc:.*:&lt;dir>_*:!CVS:!thumbs.db:!picasa.ini:!*~"/><mergedItems/></merger>