<?xml version="1.0" encoding="utf-8"?>
<resources>
    <color name="black">#FF000000</color>
    <color name="purple_200">#FFBB86FC</color>
    <color name="purple_500">#FF6200EE</color>
    <color name="purple_700">#FF3700B3</color>
    <color name="teal_200">#FF03DAC5</color>
    <color name="teal_700">#FF018786</color>
    <color name="white">#FFFFFFFF</color>
    <string name="app_name">Travel App</string>
    <string name="description">Super saver pack with less than Rs.100000</string>
    <string name="place_1">India</string>
    <string name="place_2">Dubai </string>
    <string name="place_3">Singapore </string>
    <string name="plan">7days</string>
    <string name="title_activity_bali">BaliActivity</string>
    <string name="title_activity_paris">ParisActivity</string>
    <string name="title_activity_singapore">SingaporeActivity</string>
    <style name="Theme.TravelApp" parent="android:Theme.Material.Light.NoActionBar">
        <item name="android:statusBarColor">@color/purple_700</item>
    </style>
</resources>