<?xml version="1.0" encoding="utf-8"?>
<resources xmlns:ns1="http://schemas.android.com/tools" xmlns:ns2="urn:oasis:names:tc:xliff:document:1.2">
    <attr format="reference" name="nestedScrollViewStyle"/>
    <color name="androidx_core_ripple_material_light">#1f000000</color>
    <color name="androidx_core_secondary_text_default_material_light">#8a000000</color>
    <color name="black">#FF000000</color>
    <color name="notification_action_color_filter">#ffffffff</color>
    <color name="notification_icon_bg_color">#ff9e9e9e</color>
    <color name="purple_200">#FFBB86FC</color>
    <color name="purple_500">#FF6200EE</color>
    <color name="purple_700">#FF3700B3</color>
    <color name="teal_200">#FF03DAC5</color>
    <color name="teal_700">#FF018786</color>
    <color name="white">#FFFFFFFF</color>
    <dimen name="compat_button_inset_horizontal_material">4dp</dimen>
    <dimen name="compat_button_inset_vertical_material">6dp</dimen>
    <dimen name="compat_button_padding_horizontal_material">8dp</dimen>
    <dimen name="compat_button_padding_vertical_material">4dp</dimen>
    <dimen name="compat_control_corner_material">2dp</dimen>
    <dimen name="compat_notification_large_icon_max_height">320dp</dimen>
    <dimen name="compat_notification_large_icon_max_width">320dp</dimen>
    <dimen name="notification_action_icon_size">32dp</dimen>
    <dimen name="notification_action_text_size">13sp</dimen>
    <dimen name="notification_big_circle_margin">12dp</dimen>
    <dimen name="notification_content_margin_start">8dp</dimen>
    <dimen name="notification_large_icon_height">64dp</dimen>
    <dimen name="notification_large_icon_width">64dp</dimen>
    <dimen name="notification_main_column_padding_top">10dp</dimen>
    <dimen name="notification_media_narrow_margin">@dimen/notification_content_margin_start</dimen>
    <dimen name="notification_right_icon_size">16dp</dimen>
    <dimen name="notification_right_side_padding_top">2dp</dimen>
    <dimen name="notification_small_icon_background_padding">3dp</dimen>
    <dimen name="notification_small_icon_size_as_large">24dp</dimen>
    <dimen name="notification_subtext_size">13sp</dimen>
    <dimen name="notification_top_pad">10dp</dimen>
    <dimen name="notification_top_pad_large_text">5dp</dimen>
    <drawable name="notification_template_icon_bg">#3333B5E5</drawable>
    <drawable name="notification_template_icon_low_bg">#0cffffff</drawable>
    <item name="accessibility_action_clickable_span" type="id"/>
    <item name="accessibility_custom_action_0" type="id"/>
    <item name="accessibility_custom_action_1" type="id"/>
    <item name="accessibility_custom_action_10" type="id"/>
    <item name="accessibility_custom_action_11" type="id"/>
    <item name="accessibility_custom_action_12" type="id"/>
    <item name="accessibility_custom_action_13" type="id"/>
    <item name="accessibility_custom_action_14" type="id"/>
    <item name="accessibility_custom_action_15" type="id"/>
    <item name="accessibility_custom_action_16" type="id"/>
    <item name="accessibility_custom_action_17" type="id"/>
    <item name="accessibility_custom_action_18" type="id"/>
    <item name="accessibility_custom_action_19" type="id"/>
    <item name="accessibility_custom_action_2" type="id"/>
    <item name="accessibility_custom_action_20" type="id"/>
    <item name="accessibility_custom_action_21" type="id"/>
    <item name="accessibility_custom_action_22" type="id"/>
    <item name="accessibility_custom_action_23" type="id"/>
    <item name="accessibility_custom_action_24" type="id"/>
    <item name="accessibility_custom_action_25" type="id"/>
    <item name="accessibility_custom_action_26" type="id"/>
    <item name="accessibility_custom_action_27" type="id"/>
    <item name="accessibility_custom_action_28" type="id"/>
    <item name="accessibility_custom_action_29" type="id"/>
    <item name="accessibility_custom_action_3" type="id"/>
    <item name="accessibility_custom_action_30" type="id"/>
    <item name="accessibility_custom_action_31" type="id"/>
    <item name="accessibility_custom_action_4" type="id"/>
    <item name="accessibility_custom_action_5" type="id"/>
    <item name="accessibility_custom_action_6" type="id"/>
    <item name="accessibility_custom_action_7" type="id"/>
    <item name="accessibility_custom_action_8" type="id"/>
    <item name="accessibility_custom_action_9" type="id"/>
    <item name="androidx_compose_ui_view_composition_context" type="id"/>
    <item name="compose_view_saveable_id_tag" type="id"/>
    <item name="consume_window_insets_tag" type="id"/>
    <item name="hide_in_inspector_tag" type="id"/>
    <item name="inspection_slot_table_set" type="id"/>
    <item name="is_pooling_container_tag" type="id"/>
    <item name="line1" type="id"/>
    <item name="line3" type="id"/>
    <item name="pooling_container_listener_holder_tag" type="id"/>
    <item name="tag_accessibility_actions" type="id"/>
    <item name="tag_accessibility_clickable_spans" type="id"/>
    <item name="tag_accessibility_heading" type="id"/>
    <item name="tag_accessibility_pane_title" type="id"/>
    <item name="tag_on_apply_window_listener" type="id"/>
    <item name="tag_on_receive_content_listener" type="id"/>
    <item name="tag_on_receive_content_mime_types" type="id"/>
    <item name="tag_screen_reader_focusable" type="id"/>
    <item name="tag_state_description" type="id"/>
    <item name="tag_transition_group" type="id"/>
    <item name="tag_unhandled_key_event_manager" type="id"/>
    <item name="tag_unhandled_key_listeners" type="id"/>
    <item name="tag_window_insets_animation_callback" type="id"/>
    <item name="text" type="id"/>
    <item name="text2" type="id"/>
    <item name="title" type="id"/>
    <id name="view_tree_lifecycle_owner"/>
    <id name="view_tree_saved_state_registry_owner"/>
    <id name="view_tree_view_model_store_owner"/>
    <item name="wrapped_composition_tag" type="id"/>
    <integer name="status_bar_notification_info_maxnum">999</integer>
    <string name="androidx_startup" translatable="false">androidx.startup</string>
    <string name="app_name">Travel App</string>
    <string name="close_drawer">"Close navigation menu"</string>
    <string name="close_sheet">"Close sheet"</string>
    <string name="default_error_message">"Invalid input"</string>
    <string name="default_popup_window_title" ns1:ignore="ExtraTranslation">"Pop-Up Window"</string>
    <string name="description">Super saver pack with less than Rs.100000</string>
    <string name="dropdown_menu">"Dropdown menu"</string>
    <string name="in_progress">In progress</string>
    <string name="indeterminate">Neither checked nor unchecked</string>
    <string name="navigation_menu">"Navigation menu"</string>
    <string name="not_selected">Not selected</string>
    <string name="off">Off</string>
    <string name="on">On</string>
    <string name="place_1">India</string>
    <string name="place_2">Dubai </string>
    <string name="place_3">Singapore </string>
    <string name="plan">7days</string>
    <string name="range_end">"Range end"</string>
    <string name="range_start">"Range start"</string>
    <string name="selected">Selected</string>
    <string name="status_bar_notification_info_overflow">999+</string>
    <string name="tab">Tab</string>
    <string name="template_percent"><ns2:g id="percentage">%1$d</ns2:g> percent.</string>
    <string name="title_activity_bali">BaliActivity</string>
    <string name="title_activity_paris">ParisActivity</string>
    <string name="title_activity_singapore">SingaporeActivity</string>
    <style name="DialogWindowTheme">
        <item name="android:windowClipToOutline">false</item>
    </style>
    <style name="TextAppearance.Compat.Notification" parent="@android:style/TextAppearance.StatusBar.EventContent"/>
    <style name="TextAppearance.Compat.Notification.Info">
        <item name="android:textSize">12sp</item>
        <item name="android:textColor">?android:attr/textColorSecondary</item>
    </style>
    <style name="TextAppearance.Compat.Notification.Line2" parent="TextAppearance.Compat.Notification.Info"/>
    <style name="TextAppearance.Compat.Notification.Time">
        <item name="android:textSize">12sp</item>
        <item name="android:textColor">?android:attr/textColorSecondary</item>
    </style>
    <style name="TextAppearance.Compat.Notification.Title" parent="@android:style/TextAppearance.StatusBar.EventContent.Title"/>
    <style name="Theme.TravelApp" parent="android:Theme.Material.Light.NoActionBar">
        <item name="android:statusBarColor">@color/purple_700</item>
    </style>
    <style name="Widget.Compat.NotificationActionContainer" parent=""/>
    <style name="Widget.Compat.NotificationActionText" parent=""/>
    <declare-styleable name="Capability">
        
        <attr format="reference" name="queryPatterns"/>
        
        <attr format="boolean" name="shortcutMatchRequired"/>
    </declare-styleable>
    <declare-styleable name="ColorStateListItem">
        
        <attr name="android:color"/>
        
        <attr format="float" name="alpha"/>
        <attr name="android:alpha"/>
        
        <attr format="float" name="lStar"/>
        <attr name="android:lStar"/>
    </declare-styleable>
    <declare-styleable name="FontFamily">
        
        <attr format="string" name="fontProviderAuthority"/>
        
        <attr format="string" name="fontProviderPackage"/>
        
        <attr format="string" name="fontProviderQuery"/>
        
        <attr format="reference" name="fontProviderCerts"/>
        
        <attr name="fontProviderFetchStrategy">
            
            <enum name="blocking" value="0"/>
            
            <enum name="async" value="1"/>
        </attr>
        
        <attr format="integer" name="fontProviderFetchTimeout">
            
            <enum name="forever" value="-1"/>
        </attr>
        
        <attr format="string" name="fontProviderSystemFontFamily"/>
    </declare-styleable>
    <declare-styleable name="FontFamilyFont">
        
        <attr name="fontStyle">
            <enum name="normal" value="0"/>
            <enum name="italic" value="1"/>
        </attr>
        
        <attr format="reference" name="font"/>
        
        <attr format="integer" name="fontWeight"/>
        
        <attr format="string" name="fontVariationSettings"/>
        
        <attr format="integer" name="ttcIndex"/>
        
        <attr name="android:fontStyle"/>
        <attr name="android:font"/>
        <attr name="android:fontWeight"/>
        <attr name="android:fontVariationSettings"/>
        <attr name="android:ttcIndex"/>
    </declare-styleable>
    <declare-styleable name="GradientColor">
        
        <attr name="android:startColor"/>
        
        <attr name="android:centerColor"/>
        
        <attr name="android:endColor"/>
        
        <attr name="android:type"/>

        
        
        <attr name="android:gradientRadius"/>

        
        
        <attr name="android:centerX"/>
        
        <attr name="android:centerY"/>

        
        
        <attr name="android:startX"/>
        
        <attr name="android:startY"/>
        
        <attr name="android:endX"/>
        
        <attr name="android:endY"/>

        
        <attr name="android:tileMode"/>
    </declare-styleable>
    <declare-styleable name="GradientColorItem">
        
        <attr name="android:offset"/>
        
        <attr name="android:color"/>
    </declare-styleable>
</resources>